plot_label	site	elevation	long_dd	lat_dd	X_UTM	Y_UTM	type	dim	area	no_subpl	date1	authors1	date2	authors2	comments	dbh10_inv1	sp_dbh10_inv1	fam_dbh10_inv1	indet_dbh10_inv1	dbh10_inv2	sp_dbh10_inv2	fam_dbh10_inv2	indet_dbh10_inv2	dbh2_10_inv1	sp_dbh2_10_inv1	fam_dbh2_10_inv1	indet_dbh2_10_inv1	dbh2-10_inv2	sp_dbh2_10_inv2	fam_dbh2_10_inv2	indet_dbh2_10_inv2
ALA1	Monts Tumuc-Humac - Crique Alama	400	-54.44	2.23	116620.00	247723.00	PCQ2	200x100	NA	14	2015	Daniel Sabatier & Jean-François Molino, with Jean-Louis Smock			Terra firme	112	50	18	14	0	0	0	0	0	0	0	0	0	0	0	0
ALA10	Monts Tumuc-Humac - Crique Alama	310	-54.44	2.23	116192.00	247163.00	PCQ2	60x200	NA	14	2015	Daniel Sabatier & Jean-François Molino, with Chantal Geniez			Terra firme	112	72	27	6	0	0	0	0	0	0	0	0	0	0	0	0
ALA11	Monts Tumuc-Humac - Crique Alama	460	-54.46	2.23	114870.00	247301.00	PCQ2	60x160	NA	14	2015	Daniel Sabatier & Jean-François Molino, with Chantal Geniez			Terra firme	112	23	13	9	0	0	0	0	0	0	0	0	0	0	0	0
ALA12	Monts Tumuc-Humac - Crique Alama	500	-54.46	2.23	114602.00	247286.00	PCQ2	100x200	NA	14	2015	Daniel Sabatier & Jean-François Molino, with Chantal Geniez			Terra firme	112	51	22	9	0	0	0	0	0	0	0	0	0	0	0	0
ALA13	Monts Tumuc-Humac - Crique Alama - Montagne couronnée	470	-54.47	2.24	113244.00	248518.00	PCQ2	80x180	NA	14	2015	Daniel Sabatier & Jean-François Molino, with Chantal Geniez			On a pre-Columbian earthwork site	112	60	30	9	0	0	0	0	0	0	0	0	0	0	0	0
ALA2	Monts Tumuc-Humac - Crique Alama	370	-54.44	2.25	116620.00	247723.00	PCQ2	200x100	NA	14	2015	Daniel Sabatier & Jean-François Molino, with Jean-Louis Smock			Terra firme	112	71	27	5	0	0	0	0	0	0	0	0	0	0	0	0
ALA3	Monts Tumuc-Humac - Crique Alama	330	-54.44	2.23	117211.00	249419.00	PCQ2	200x60	NA	14	2015	Daniel Sabatier & Jean-François Molino, with Jean-Louis Smock			Terra firme	112	50	22	13	0	0	0	0	0	0	0	0	0	0	0	0
ALA4	Monts Tumuc-Humac - Crique Alama	370	-54.45	2.24	116423.00	247209.00	PCQ2	200x100	NA	14	2015	Daniel Sabatier & Jean-François Molino, with Jean-Louis Smock			Terra firme	112	63	24	4	0	0	0	0	0	0	0	0	0	0	0	0
ALA5	Monts Tumuc-Humac - Crique Alama	380	-54.45	2.23	115725.00	248433.00	PCQ2	100x120	NA	14	2015	Daniel Sabatier & Jean-François Molino, with Jean-Louis Smock			Terra firme	112	61	26	6	0	0	0	0	0	0	0	0	0	0	0	0
ALA6	Monts Tumuc-Humac - Crique Alama	500	-54.45	2.23	115080.00	247408.00	PCQ2	60x200	NA	14	2015	Daniel Sabatier & Jean-François Molino, with Jean-Louis Smock			Terra firme	112	74	24	1	0	0	0	0	0	0	0	0	0	0	0	0
ALA7	Monts Tumuc-Humac - Crique Alama	320	-54.44	2.23	115265.00	247518.00	PCQ2	80x120	NA	14	2015	Daniel Sabatier & Jean-François Molino, with Chantal Geniez			Terra firme	112	66	30	3	0	0	0	0	0	0	0	0	0	0	0	0
ARW1	Monts d'Arawa	215	-53.36	2.81	237322.00	311349.00	full	100x100	1.00	100	2006	Daniel Sabatier & Jean-François Molino, with Jean-Louis Smock, Michel Tarcy & Julien Engel			Terra firme	514	94	32	1	0	0	0	0	0	0	0	0	0	0	0	0
ARW2	Monts d'Arawa	215	-53.36	2.82	236984.00	312118.00	full	100x100	1.00	100	2006	Daniel Sabatier & Jean-François Molino, with Jean-Louis Smock, Michel Tarcy & Julien Engel			Terra firme	481	106	36	0	0	0	0	0	0	0	0	0	0	0	0	0
ARW3	Monts d'Arawa	215	-53.36	2.81	236766.00	311412.00	full	100x100	1.00	100	2006	Daniel Sabatier & Jean-François Molino, with Jean-Louis Smock, Michel Tarcy & Julien Engel			Terra firme	533	97	33	1	0	0	0	0	0	0	0	0	0	0	0	0
BEI1	Haute Beiman	130	-54.13	4.46	151694.00	494074.00	full	100x100	1.00	100	2012	Daniel Sabatier & Jean-François Molino, with Jean-Louis Smock & Michel Tarcy			Terra firme	655	156	39	11	0	0	0	0	0	0	0	0	0	0	0	0
BEI2	Haute Beiman	110	-54.12	4.45	153395.00	493543.00	full	100x100	1.00	100	2012	Daniel Sabatier & Jean-François Molino, with Jean-Louis Smock & Michel Tarcy			Terra firme	507	182	37	16	0	0	0	0	0	0	0	0	0	0	0	0
BOU1	Monts Tumuc-Humac - Borne Frontière 1	360	-54.44	2.21	116523.51	244748.57	full	100x100	1.00	100	2006	Daniel Sabatier & Jean-François Molino, with Jean-Louis Smock, Michel Tarcy & Julien Engel			Terra firme	646	166	41	4	0	0	0	0	0	0	0	0	0	0	0	0
BOU2	Monts Tumuc-Humac - Borne Frontière 1	360	-54.44	2.21	117081.69	245270.18	full	100x100	1.00	100	2006	Daniel Sabatier & Jean-François Molino, with Jean-Louis Smock, Michel Tarcy & Julien Engel			Terra firme	630	151	44	5	0	0	0	0	0	0	0	0	0	0	0	0
BOU3	Monts Tumuc-Humac - Borne Frontière 1	340	-54.44	2.21	116987.87	244839.77	full	100x100	1.00	100	2006	Daniel Sabatier & Jean-François Molino, with Jean-Louis Smock, Michel Tarcy & Julien Engel			Terra firme	661	200	45	5	0	0	0	0	0	0	0	0	0	0	0	0
CAM1	Haute Camopi	200	-53.19	2.36	256083.00	261198.34	full	20x530	1.06	106	1987	Marie-Françoise Prévost & Daniel Sabatier			Strong archaeological evidence of pre-Columbian occupation	462	121	32	24	0	0	0	0	0	0	0	0	0	0	0	0
CAM2	Haute Camopi	200	-53.19	2.35	255742.64	260953.07	full	20x200	0.40	40	1987	Marie-Françoise Prévost & Daniel Sabatier			Strong archaeological evidence of pre-Columbian occupation	200	74	23	7	0	0	0	0	0	0	0	0	0	0	0	0
CVX1	Montagne des Chevaux	60	-52.39	4.71	345091.00	521035.00	full	100x100	1.00	100	2009	Daniel Sabatier & Émile Fonty, with Jean-Louis Smock & Michel Tarcy			Non-dominated forest close to a patch of Spirotropis longifolia	721	115	34	7	0	0	0	0	0	0	0	0	0	0	0	0
DOR_T16a	Site minier Dorlin - Plateau T16	100	-53.55	3.75	216760.00	414900.00	PCQ1	200	NA	11	1999	Daniel Sabatier & Philippe Birnbaum			Terra firme	77	34	19	3	0	0	0	0	0	0	0	0	0	0	0	0
DOR_T16b	Site minier Dorlin - Plateau T16	100	-53.55	3.75	216760.00	414900.00	PCQ1	260	NA	14	1999	Daniel Sabatier & Philippe Birnbaum			Terra firme	101	45	19	10	0	0	0	0	0	0	0	0	0	0	0	0
DOR_T4	Site minier Dorlin - Montagne Nivrée	100	-53.55	3.75	216760.00	414900.00	PCQ1	500	NA	26	1999	Daniel Sabatier & Philippe Birnbaum			Terra firme	176	86	29	12	0	0	0	0	0	0	0	0	0	0	0	0
DP04	Forêt domaniale de Crique Plomb	110	-52.95	5.04	282865.00	558031.00	full	30x40	0.12	12	1998	Dominique Paget & Daniel Sabatier			Terra firme	88	34	16	2	0	0	0	0	0	0	0	0	0	0	0	0
DP05	Forêt domaniale de Crique Plomb	100	-52.96	5.04	282232.00	557823.00	full	30x40	0.12	12	1998	Dominique Paget & Daniel Sabatier			Terra firme	80	29	13	3	0	0	0	0	0	0	0	0	0	0	0	0
DP09	Forêt domaniale de Crique Plomb	110	-52.93	5.02	285131.00	555591.00	full	30x40	0.12	12	1998	Dominique Paget & Daniel Sabatier			Terra firme	162	48	21	20	0	0	0	0	0	0	0	0	0	0	0	0
DP12	Forêt domaniale de Crique Plomb	200	-52.92	5.02	286186.00	556031.00	full	30x40	0.12	12	1998	Dominique Paget & Daniel Sabatier			Terra firme	148	55	20	5	0	0	0	0	0	0	0	0	0	0	0	0
DP15	Forêt domaniale de Crique Plomb	120	-52.95	5.05	283787.00	558659.00	full	30x40	0.12	12	1998	Dominique Paget & Daniel Sabatier			Terra firme	77	32	15	3	0	0	0	0	0	0	0	0	0	0	0	0
DP16	Forêt domaniale de Crique Plomb	120	-52.95	5.05	283521.00	558748.00	full	30x40	0.12	12	1998	Dominique Paget & Daniel Sabatier			Terra firme	77	44	18	8	0	0	0	0	0	0	0	0	0	0	0	0
DP18	Forêt domaniale de Crique Plomb	120	-52.92	5.02	286318.00	555389.00	full	30x40	0.12	12	1998	Dominique Paget & Daniel Sabatier			Terra firme	146	56	22	12	0	0	0	0	0	0	0	0	0	0	0	0
DP22	Forêt domaniale de Crique Plomb	120	-52.94	5.04	283964.00	558437.00	full	30x40	0.12	12	1998	Dominique Paget & Daniel Sabatier			Terra firme	100	41	17	5	0	0	0	0	0	0	0	0	0	0	0	0
DP23	Forêt domaniale de Crique Plomb	120	-52.94	5.03	284691.00	556654.00	full	30x40	0.12	12	1998	Dominique Paget & Daniel Sabatier			Terra firme	85	36	14	3	0	0	0	0	0	0	0	0	0	0	0	0
DP25	Forêt domaniale de Crique Plomb	120	-52.94	5.03	284801.00	556455.00	full	30x40	0.12	12	1998	Dominique Paget & Daniel Sabatier			Terra firme	133	37	13	16	0	0	0	0	0	0	0	0	0	0	0	0
DP28	Forêt domaniale de Crique Plomb	100	-52.96	5.04	282299.00	558022.00	full	30x40	0.12	12	1998	Dominique Paget & Daniel Sabatier			Terra firme	146	48	19	14	0	0	0	0	0	0	0	0	0	0	0	0
DP32	Forêt domaniale de Crique Plomb	100	-52.95	5.04	283307.00	557499.00	full	30x40	0.12	12	1998	Dominique Paget & Daniel Sabatier			Terra firme	200	45	22	42	0	0	0	0	0	0	0	0	0	0	0	0
DP57	Station de recherche de la Piste de St Elie - Layon de crête	70	-53.06	5.29	271452.00	585653.00	full	30x40	0.12	12	1998	Dominique Paget & Daniel Sabatier			Terra firme	85	47	22	0	0	0	0	0	0	0	0	0	0	0	0	0
GF1	Station expérimentale de Paracou - Guyaflux	40	-52.92	5.27	286770.32	583789.91	full	70x70	0.49	49	2004	Daniel Sabatier with Jean-Yves Goret			Terra firme	271	89	33	2	0	0	0	0	0	0	0	0	0	0	0	0
GF10	Station expérimentale de Paracou - Guyaflux	40	-52.92	5.27	287045.00	583686.00	full	70x70	0.49	49	2004	Daniel Sabatier with Jean-Yves Goret			Terra firme	310	117	37	6	0	0	0	0	0	0	0	0	0	0	0	0
GF2	Station expérimentale de Paracou - Guyaflux	40	-52.92	5.27	286793.94	583900.44	full	70x70	0.49	49	2004	Daniel Sabatier with Jean-Yves Goret			Terra firme	269	104	36	1	0	0	0	0	0	0	0	0	0	0	0	0
GF3	Station expérimentale de Paracou - Guyaflux	40	-52.92	5.27	287201.00	583805.00	full	70x70	0.49	49	2004	Daniel Sabatier with Jean-Yves Goret			Terra firme	253	97	38	4	0	0	0	0	0	0	0	0	0	0	0	0
GF4	Station expérimentale de Paracou - Guyaflux	40	-52.92	5.28	286955.14	584043.72	full	70x70	0.49	49	2004	Daniel Sabatier with Jean-Yves Goret			Terra firme	241	82	34	3	0	0	0	0	0	0	0	0	0	0	0	0
GF5	Station expérimentale de Paracou - Guyaflux	40	-52.91	5.28	287228.11	584119.20	full	70x70	0.49	49	2004	Daniel Sabatier with Jean-Yves Goret			Terra firme	244	95	30	3	0	0	0	0	0	0	0	0	0	0	0	0
GF6	Station expérimentale de Paracou - Guyaflux	40	-52.91	5.28	287346.70	584105.56	full	70x70	0.49	49	2004	Daniel Sabatier with Jean-Yves Goret			Terra firme	241	92	31	7	0	0	0	0	0	0	0	0	0	0	0	0
GF7	Station expérimentale de Paracou - Guyaflux	40	-52.92	5.27	286892.56	583882.44	full	100x50	0.50	50	2004	Daniel Sabatier with Jean-Yves Goret			Terra firme	292	63	27	22	0	0	0	0	0	0	0	0	0	0	0	0
GF8	Station expérimentale de Paracou - Guyaflux	40	-52.92	5.28	287011.59	584013.69	full	70x70	0.49	49	2004	Daniel Sabatier with Jean-Yves Goret			Terra firme	246	94	32	3	0	0	0	0	0	0	0	0	0	0	0	0
GF9	Station expérimentale de Paracou - Guyaflux	40	-52.92	5.27	286823.44	583759.88	full	70x70	0.49	49	2004	Daniel Sabatier with Jean-Yves Goret			Terra firme	343	115	35	7	0	0	0	0	0	0	0	0	0	0	0	0
INI1	Rivière Grand Inini	150	-53.83	3.56	185379.16	394130.04	full	20x500	1.00	100	1990	Daniel Sabatier & Marie-Françoise Prévost			Terra firme	625	175	40	2	0	0	0	0	0	0	0	0	0	0	0	0
INI2	Rivière Grand Inini	150	-53.83	3.56	185523.72	394129.60	full	20x500	1.00	100	1990	Daniel Sabatier & Marie-Françoise Prévost			Terra firme	643	172	45	4	0	0	0	0	0	0	0	0	0	0	0	0
ITO1	Mont Itoupé - Versant Ouest	600	-53.09	-53.09	267550.61	334273.22	PCQ1	240	NA	13	2010	Daniel Sabatier & Jean-François Molino, with Jean-Louis Smock & Michel Tarcy			Terra firme	113	73	34	1	0	0	0	0	0	0	0	0	0	0	0	0
ITO10	Mont Itoupé - Versant Est	600	-53.07	3.02	269650.72	334146.30	PCQ1	240	NA	13	2010	Daniel Sabatier & Jean-François Molino, with Jean-Louis Smock & Michel Tarcy			Terra firme	108	51	25	1	0	0	0	0	0	0	0	0	0	0	0	0
ITO2	Mont Itoupé - Versant Ouest	600	-53.09	3.02	267642.86	334057.97	PCQ1	240	NA	13	2010	Daniel Sabatier & Jean-François Molino, with Jean-Louis Smock & Michel Tarcy			Terra firme	110	70	33	3	0	0	0	0	0	0	0	0	0	0	0	0
ITO3	Mont Itoupé - Versant Ouest	400	-53.10	3.02	265913.62	334307.11	PCQ1	240	NA	13	2010	Daniel Sabatier & Jean-François Molino, with Jean-Louis Smock & Michel Tarcy			Terra firme	108	46	24	1	0	0	0	0	0	0	0	0	0	0	0	0
ITO4	Mont Itoupé - Versant Ouest	400	-53.10	3.02	265852.44	334614.47	PCQ1	240	NA	13	2010	Daniel Sabatier & Jean-François Molino, with Jean-Louis Smock & Michel Tarcy			Terra firme	109	49	24	1	0	0	0	0	0	0	0	0	0	0	0	0
ITO5	Mont Itoupé - Sommet tabulaire	800	-53.08	3.02	268384.34	334148.72	PCQ1	240	NA	13	2010	Daniel Sabatier & Jean-François Molino, with Jean-Louis Smock & Michel Tarcy			Terra firme	108	60	30	8	0	0	0	0	0	0	0	0	0	0	0	0
ITO6	Mont Itoupé - Sommet tabulaire	800	-53.08	3.02	268322.56	334148.84	PCQ1	240	NA	13	2010	Daniel Sabatier & Jean-François Molino, with Jean-Louis Smock & Michel Tarcy			Terra firme	110	63	27	3	0	0	0	0	0	0	0	0	0	0	0	0
ITO7	Mont Itoupé - Versant Ouest	200	-53.11	3.02	264430.81	334217.82	PCQ1	240	NA	13	2010	Daniel Sabatier & Jean-François Molino, with Jean-Louis Smock & Michel Tarcy			Terra firme	113	43	18	0	0	0	0	0	0	0	0	0	0	0	0	0
ITO8	Mont Itoupé - Versant Ouest	200	-53.12	3.02	264245.90	334433.25	PCQ1	240	NA	13	2010	Daniel Sabatier & Jean-François Molino, with Jean-Louis Smock & Michel Tarcy			Terra firme	113	37	19	4	0	0	0	0	0	0	0	0	0	0	0	0
ITO9	Mont Itoupé - Versant Est	600	-53.07	3.02	269465.51	334208.10	PCQ1	240	NA	13	2010	Daniel Sabatier & Jean-François Molino, with Jean-Louis Smock & Michel Tarcy			Terra firme	107	58	31	0	0	0	0	0	0	0	0	0	0	0	0	0
ITOE1	Mont Itoupé - Versant Est	330	-53.05	3.00	271808.59	331899.39	PCQ2	200x100	NA	14	2014	Daniel Sabatier & Jean-François Molino, with Chantal Geniez & Jean-Louis Smock			Terra firme	112	57	24	2	0	0	0	0	0	0	0	0	0	0	0	0
ITOE2	Mont Itoupé - Versant Est	320	-53.05	3.01	271934.86	333343.15	PCQ2	200x100	NA	14	2014	Daniel Sabatier & Jean-François Molino, with Chantal Geniez & Jean-Louis Smock			Terra firme	112	59	22	2	0	0	0	0	0	0	0	0	0	0	0	0
ITOE3	Mont Itoupé - Versant Est	430	-53.05	3.02	271596.37	334019.71	PCQ2	200x100	NA	14	2014	Daniel Sabatier & Jean-François Molino, with Chantal Geniez & Jean-Louis Smock			Terra firme	112	67	28	0	0	0	0	0	0	0	0	0	0	0	0	0
ITOE4	Mont Itoupé - Versant Est	340	-53.05	3.03	271752.96	335156.18	PCQ2	180x100	NA	14	2014	Daniel Sabatier & Jean-François Molino, with Chantal Geniez & Jean-Louis Smock			Terra firme	112	54	27	1	0	0	0	0	0	0	0	0	0	0	0	0
ITOE5	Mont Itoupé - Versant Est	330	-53.05	3.03	271599.46	335648.05	PCQ2	200x60	NA	14	2014	Daniel Sabatier & Jean-François Molino, with Chantal Geniez & Jean-Louis Smock			Terra firme	112	56	24	5	0	0	0	0	0	0	0	0	0	0	0	0
ITOE6	Mont Itoupé - Versant Est	310	-53.05	3.04	271292.23	336508.90	PCQ2	200x100	NA	14	2014	Daniel Sabatier & Jean-François Molino, with Chantal Geniez & Jean-Louis Smock			Terra firme	112	56	27	5	0	0	0	0	0	0	0	0	0	0	0	0
ITOE7	Mont Itoupé - Versant Est	280	-53.06	3.04	270891.88	337124.13	PCQ2	200x100	NA	14	2014	Daniel Sabatier & Jean-François Molino, with Chantal Geniez & Jean-Louis Smock			Terra firme	112	50	19	1	0	0	0	0	0	0	0	0	0	0	0	0
ITOE8	Mont Itoupé - Versant Est	300	-53.06	3.05	271016.31	337584.75	PCQ2	160x100	NA	14	2014	Daniel Sabatier & Jean-François Molino, with Chantal Geniez & Jean-Louis Smock			Terra firme	112	60	22	12	0	0	0	0	0	0	0	0	0	0	0	0
ITOW1	Mont Itoupé - Versant Ouest	340	-53.11	3.00	265291.57	332096.14	PCQ2	200x100	NA	14	2014	Daniel Sabatier & Jean-François Molino, with Chantal Geniez & Jean-Louis Smock			Terra firme	112	49	21	4	0	0	0	0	0	0	0	0	0	0	0	0
ITOW2	Mont Itoupé - Versant Ouest	330	-53.11	3.00	265416.55	332833.29	PCQ2	200x100	NA	14	2014	Daniel Sabatier & Jean-François Molino, with Chantal Geniez & Jean-Louis Smock			Terra firme	112	48	20	2	0	0	0	0	0	0	0	0	0	0	0	0
ITOW3	Mont Itoupé - Versant Ouest	315	-53.11	3.01	265109.22	333632.73	PCQ2	200x100	NA	14	2014	Daniel Sabatier & Jean-François Molino, with Chantal Geniez & Jean-Louis Smock			Terra firme	112	46	22	2	0	0	0	0	0	0	0	0	0	0	0	0
ITOW4	Mont Itoupé - Versant Ouest	320	-53.11	3.02	265203.31	334369.94	PCQ2	200x100	NA	14	2014	Daniel Sabatier & Jean-François Molino, with Chantal Geniez & Jean-Louis Smock			Terra firme	111	35	18	1	0	0	0	0	0	0	0	0	0	0	0	0
ITOW5	Mont Itoupé - Versant Ouest	320	-53.11	3.03	265236.00	335291.61	PCQ2	200x100	NA	14	2014	Daniel Sabatier & Jean-François Molino, with Chantal Geniez & Jean-Louis Smock			Terra firme. Near a pre-Columbian earthwork site	112	42	23	0	0	0	0	0	0	0	0	0	0	0	0	0
ITOW6	Mont Itoupé - Versant Ouest	280	-53.11	3.04	265269.59	336674.16	PCQ2	200x100	NA	14	2014	Daniel Sabatier & Jean-François Molino, with Chantal Geniez & Jean-Louis Smock			Terra firme	112	39	20	2	0	0	0	0	0	0	0	0	0	0	0	0
ITOW7	Mont Itoupé - Versant Ouest	340	-53.10	3.04	265641.26	337195.75	PCQ2	200x80	NA	14	2014	Daniel Sabatier & Jean-François Molino, with Chantal Geniez & Jean-Louis Smock			Terra firme	112	37	17	1	0	0	0	0	0	0	0	0	0	0	0	0
ITOW8	Mont Itoupé - Versant Ouest	330	-53.10	3.05	265581.05	337994.71	PCQ2	200x100	NA	14	2014	Daniel Sabatier & Jean-François Molino, with Chantal Geniez & Jean-Louis Smock			Terra firme	112	39	19	4	0	0	0	0	0	0	0	0	0	0	0	0
LTN1	Réserve des Nouragues - Saut Pararé - Site précolombien	90	-52.67	4.02	313736.78	445358.70	full	100x100	1.00	100	2017	Jean-François Molino, Julien Engel & Guillaume Odonne, with Chantal Geniez & Morgan Ada			Strong archaeological evidence of pre-Columbian occupation	536	155	39	1	0	0	0	0	0	0	0	0	0	0	0	0
LTN2	Station de recherche des Nouragues - Saut Pararé	70	-52.68	4.03	313182.93	446035.63	full	100x100	1.00	100	2017	Jean-François Molino, Julien Engel & Guillaume Odonne, with Chantal Geniez & Morgan Ada			Terra firme	473	164	42	2	0	0	0	0	0	0	0	0	0	0	0	0
LTN3	Réserve des Nouragues - Saut Pararé - Montagne couronnée	90	-52.68	4.02	313274.39	445513.24	full	100x110	1.00	100	2017	Jean-François Molino, Julien Engel & Guillaume Odonne, with Chantal Geniez & Jean-Louis Smock			On a pre-Columbian earthwork site	588	143	40	1	0	0	0	0	0	0	0	0	0	0	0	0
LTN4	Station de recherche des Nouragues - Grand Plateau	190	-52.67	4.08	314304.20	451255.30	full	100x100	1.00	100	2017-2018	Jean-François Molino & Guillaume Odonne, with Chantal Geniez, Jeanne Brancier, Claire A. Martin & Marion Vincent			Terra firme	489	167	44	4	0	0	0	0	0	0	0	0	0	0	0	0
LTN5	Station de recherche des Nouragues - Grand Plateau	175	-52.67	4.08	314243.09	451531.88	full	100x100	1.00	100	2017-2018	Jean-François Molino & Guillaume Odonne, with Chantal Geniez, Jean-Louis Smock, Claire A. Martin & Marion Vincent			Terra firme	496	157	40	6	0	0	0	0	0	0	0	0	0	0	0	0
LTN6	Station de recherche des Nouragues - Grand Plateau - Site précolombien	160	-52.67	4.07	314149.47	451009.88	full	90x120	0.88	88	2017-2018	Jean-François Molino & Guillaume Odonne, with Chantal Geniez, Jean-Louis Smock, Claire A. Martin & Marion Vincent			Strong archaeological evidence of pre-Columbian occupation	458	181	44	5	0	0	0	0	0	0	0	0	0	0	0	0
MAT	Savane Matiti	30	-52.63	4.99	319280.00	551783.00	PCQ	2500	NA	126	2001	Marie-Françoise Prévost & Pierre Grenand			Terra firme	497	132	44	52	0	0	0	0	0	0	0	0	0	0	0	0
MC87a	Interfluve Kourouaïe-Capiri - Montagne couronnée 87	105	-52.08	4.05	379436.65	448502.63	full	150x80	0.97	97	2009	Daniel Sabatier & Jean-François Molino, with Jean-Louis Smock & Michel Tarcy			On a pre-Columbian earthwork site; plot adjacent to MC87b	371	161	36	6	0	0	0	0	0	0	0	0	0	0	0	0
MC87b	Interfluve Kourouaïe-Capiri - Montagne couronnée 87	105	-52.08	4.05	379436.65	448502.63	full	150x80	0.86	86	2009	Daniel Sabatier & Jean-François Molino, with Jean-Louis Smock & Michel Tarcy			On a pre-Columbian earthwork site; plot adjacent to MC87a	449	193	42	3	0	0	0	0	0	0	0	0	0	0	0	0
MEM1	Massif des Emerillons - Piton Baron	250	-53.08	3.25	267910.64	359896.56	full	100x100	1.00	100	2007	Daniel Sabatier & Jean-François Molino, with Jean-Louis Smock, Michel Tarcy & Julien Engel			Terra firme	545	143	39	1	0	0	0	0	0	0	0	0	0	0	0	0
MEM2	Massif des Emerillons - Piton Baron	250	-53.08	3.25	268560.47	360540.42	full	100x100	1.00	100	2007	Daniel Sabatier & Jean-François Molino, with Jean-Louis Smock, Michel Tarcy & Julien Engel			Terra firme	488	128	35	0	0	0	0	0	0	0	0	0	0	0	0	0
MEM3	Massif des Emerillons - Piton Baron	250	-53.08	3.25	268404.86	359956.98	full	100x100	1.00	100	2007	Daniel Sabatier & Jean-François Molino, with Jean-Louis Smock, Michel Tarcy & Julien Engel			Terra firme	462	130	36	2	0	0	0	0	0	0	0	0	0	0	0	0
MPB1	Montagne Plomb - Versant Nord-Est	80	-52.93	5.00	285611.36	553286.91	full	100x100	1.00	100	2002	Marie-Françoise Prévost, Daniel Sabatier & Jean-François Molino, with  Jean-Louis Smock, Michel Tarcy & Charles François			Terra firme	479	157	40	1	0	0	0	0	0	0	0	0	0	0	0	0
MPB2	Forêt domaniale de Crique Plomb	110	-52.92	5.01	286169.73	554575.62	full	100x100	1.00	100	2002	Marie-Françoise Prévost & Daniel Sabatier, with  Jean-Louis Smock, Michel Tarcy & Charles François			Terra firme	866	161	34	2	0	0	0	0	0	0	0	0	0	0	0	0
MPB3	Forêt domaniale de Crique Plomb	125	-52.94	5.03	284789.23	556576.68	full	100x100	1.00	100	2004	Daniel Sabatier, with  Jean-Louis Smock, Flora Lokonadinpoulle & Marie Gautier			Terra firme	1055	116	32	32	0	0	0	0	0	0	0	0	0	0	0	0
MPB4	Forêt domaniale de Crique Plomb	110	-52.94	5.03	284697.44	556792.01	full	100x100	1.00	100	2004	Daniel Sabatier, with  Jean-Louis Smock, Flora Lokonadinpoulle & Marie Gautier			Terra firme	555	98	31	15	0	0	0	0	0	0	0	0	0	0	0	0
MPB5	Forêt domaniale de Crique Plomb	100	-52.93	5.02	285003.61	556145.92	full	100x100	1.00	100	2005	Daniel Sabatier & Jean-François Molino			Terra firme	741	126	32	6	0	0	0	0	0	0	0	0	0	0	0	0
MPB6	Montagne Plomb - Versant Nord-Est	200	-52.95	4.99	283513.97	552525.03	full	100x100	1.00	100	2005	Daniel Sabatier, with  Jean-Louis Smock, Michel Tarcy & Charles François			Terra firme	518	174	43	20	0	0	0	0	0	0	0	0	0	0	0	0
MPB7	Montagne Plomb - Versant Nord-Est	100	-52.94	5.00	284102.93	553721.49	full	100x100	1.00	100	2005	Daniel Sabatier, with  Jean-Louis Smock, Michel Tarcy & Charles François			Terra firme	475	134	37	9	0	0	0	0	0	0	0	0	0	0	0	0
MPB8	Montagne Plomb - Versant Nord-Ouest	105	-53.00	4.98	277719.02	551743.64	full	100x100	1.00	100	2005	Daniel Sabatier & Jean-François Molino, with Jean-Louis Smock, Michel Tarcy & Julien Engel			Terra firme	509	168	42	0	0	0	0	0	0	0	0	0	0	0	0	0
MPE2	Montagne Plomb - Versant Sud-Est	250	-52.94	4.98	284895.00	550769.00	PCQ2	200x100	NA	14	2016	Daniel Sabatier & Jean-François Molino, with Chantal Geniez, Jean-Louis Smock, Isabelle Valade & Jean-Claude Doudou			Terra firme	112	76	33	4	0	0	0	0	0	0	0	0	0	0	0	0
MPE3	Montagne Plomb - Versant Sud-Est	250	-52.94	4.98	284895.00	550769.00	PCQ2	200x60	NA	14	2016	Daniel Sabatier & Jean-François Molino, with Chantal Geniez, Jean-Louis Smock, Isabelle Valade & Jean-Claude Doudou			Terra firme	112	60	28	15	0	0	0	0	0	0	0	0	0	0	0	0
MPE4	Montagne Plomb - Versant Sud-Est	250	-52.94	4.98	284895.00	550769.00	PCQ2	160x100	NA	14	2016	Daniel Sabatier & Jean-François Molino, with Chantal Geniez, Jean-Louis Smock, Isabelle Valade & Jean-Claude Doudou			Terra firme	112	52	26	14	0	0	0	0	0	0	0	0	0	0	0	0
MPW1	Montagne Plomb - Versant Sud-Ouest	250	-52.93	4.98	286004.00	550769.00	PCQ2	200x100	NA	14	2016	Daniel Sabatier & Jean-François Molino, with Chantal Geniez & Jean-Louis Smock			Terra firme	112	66	32	13	0	0	0	0	0	0	0	0	0	0	0	0
MPW2	Montagne Plomb - Versant Sud-Ouest	250	-52.93	4.98	286004.00	550769.00	PCQ2	200x100	NA	14	2016	Daniel Sabatier & Jean-François Molino, with Chantal Geniez & Jean-Louis Smock			Terra firme	112	57	28	6	0	0	0	0	0	0	0	0	0	0	0	0
MPW3	Montagne Plomb - Versant Sud-Ouest	250	-52.93	4.98	286004.00	550769.00	PCQ2	200x60	NA	14	2016	Daniel Sabatier & Jean-François Molino, with Chantal Geniez & Jean-Louis Smock			Terra firme	111	52	25	9	0	0	0	0	0	0	0	0	0	0	0	0
MPW4	Montagne Plomb - Versant Sud-Ouest	250	-52.93	4.98	286004.00	550769.00	PCQ2	200x100	NA	14	2016	Daniel Sabatier & Jean-François Molino, with Chantal Geniez & Jean-Louis Smock			Terra firme	112	61	24	1	0	0	0	0	0	0	0	0	0	0	0	0
MPW5	Montagne Plomb - Versant Sud-Ouest	250	-52.93	4.98	286004.00	550769.00	PCQ2	200x100	NA	14	2016	Daniel Sabatier & Jean-François Molino, with Chantal Geniez & Jean-Louis Smock			Terra firme	112	62	27	7	0	0	0	0	0	0	0	0	0	0	0	0
MPW6	Montagne Plomb - Versant Sud-Ouest	250	-52.93	4.98	286004.00	550769.00	PCQ2	200x50	NA	14	2016	Daniel Sabatier & Jean-François Molino, with Chantal Geniez & Jean-Louis Smock			Terra firme	112	53	20	13	0	0	0	0	0	0	0	0	0	0	0	0
MPW7	Montagne Plomb - Versant Sud-Ouest	250	-52.93	4.98	286004.00	550769.00	PCQ2	200x60	NA	14	2016	Daniel Sabatier & Jean-François Molino, with Chantal Geniez & Jean-Louis Smock			Terra firme	110	58	32	14	0	0	0	0	0	0	0	0	0	0	0	0
NOU1	Station de recherche des Nouragues - Grand Plateau	110	-52.67	4.08	313677.00	452001.00	full	20x500	1.00	100	1987	Marie-Françoise Prévost & Daniel Sabatier			Terra firme	471	170	39	14	0	0	0	0	0	0	0	0	0	0	0	0
NOU11L	Station de recherche des Nouragues - Grand Plateau	170	-52.67	4.08	314059.00	452048.00	full	70x40	0.28	28	1987-1989	Marie-Françoise Prévost & Daniel Sabatier			Terra firme.	67	44	19	4	0	0	0	0	0	0	0	0	0	0	0	0
NOU12L	Station de recherche des Nouragues - Grand Plateau	170	-52.67	4.08	314058.00	451937.00	full	100x40	0.40	40	1987-1989	Marie-Françoise Prévost & Daniel Sabatier			Terra firme.	121	65	28	6	0	0	0	0	0	0	0	0	0	0	0	0
NOU13L	Station de recherche des Nouragues - Grand Plateau	170	-52.67	4.08	314003.00	451882.00	full	100x40	0.40	40	1987-1989	Marie-Françoise Prévost & Daniel Sabatier			Terra firme.	177	79	30	13	0	0	0	0	0	0	0	0	0	0	0	0
NOU14L	Station de recherche des Nouragues - Grand Plateau	170	-52.67	4.08	314003.00	451827.00	full	100x40	0.40	40	1987-1989	Marie-Françoise Prévost & Daniel Sabatier			Terra firme.	217	98	32	18	0	0	0	0	0	0	0	0	0	0	0	0
NOU15L	Station de recherche des Nouragues - Grand Plateau	170	-52.67	4.08	313947.00	451772.00	full	100x40	0.40	40	1987-1989	Marie-Françoise Prévost & Daniel Sabatier			Terra firme.	176	76	28	16	0	0	0	0	0	0	0	0	0	0	0	0
NOU16L	Station de recherche des Nouragues - Grand Plateau	170	-52.67	4.08	313947.00	451661.00	full	100x40	0.40	40	1987-1989	Marie-Françoise Prévost & Daniel Sabatier			Terra firme.	196	85	27	21	0	0	0	0	0	0	0	0	0	0	0	0
NOU17L	Station de recherche des Nouragues - Grand Plateau	170	-52.67	4.08	313891.00	451551.00	full	100x40	0.40	40	1987-1989	Marie-Françoise Prévost & Daniel Sabatier			Terra firme.	198	71	29	28	0	0	0	0	0	0	0	0	0	0	0	0
NOU18L	Station de recherche des Nouragues - Grand Plateau	170	-52.67	4.08	313891.00	451495.00	full	100x40	0.40	40	1987-1989	Marie-Françoise Prévost & Daniel Sabatier			Terra firme.	203	73	26	32	0	0	0	0	0	0	0	0	0	0	0	0
NOU2	Station de recherche des Nouragues - Grand Plateau	160	-52.68	4.08	313438.00	452024.00	full	20x500	1.00	100	1987	Marie-Françoise Prévost & Daniel Sabatier			Terra firme	589	204	42	13	0	0	0	0	0	0	0	0	0	0	0	0
NOU3	Station de recherche des Nouragues - Grand Plateau	160	-52.67	4.08	314136.96	452114.51	full	20x500	1.00	100	1989	Marie-Françoise Prévost & Daniel Sabatier			Terra firme	475	176	42	5	0	0	0	0	0	0	0	0	0	0	0	0
NOU4	Station de recherche des Nouragues - Grand Plateau	170	-52.67	4.08	314249.00	451672.00	full	20x500	1.00	100	1989	Marie-Françoise Prévost & Daniel Sabatier			Terra firme	547	183	42	9	0	0	0	0	0	0	0	0	0	0	0	0
NOU5	Station de recherche des Nouragues - Grand Plateau	250	-52.68	4.09	312930.00	452345.00	full	20x410	0.82	82	1989	Marie-Françoise Prévost & Daniel Sabatier			Terra firme	695	165	39	34	0	0	0	0	0	0	0	0	0	0	0	0
PAR1	Station expérimentale de Paracou - Parcelle 1 (témoin)	40	-52.93	5.27	285194.00	583119.00	full	20x250	0.50	50	1995-1996	Jean-François Molino & Daniel Sabatier	2002	Jean-François Molino, with Raphaël Pélissier	Terra firme. Inventory threshold set at 2 cm dbh for the first inventory (date1), and limited to trees with dbh between 2 and 10 cm for the second inventory (date2). Plot PAR1 is located within plot 1 of Paracou research station (managed by the CIRAD), and the (X,Y) coordinates of a tree can be converted to those of the corresponding Paracou CIRAD plot 1 using the following transformations: [X(GUYADIV) =  245 - Y(CIRAD)] and [Y(GUYADIV) = X(CIRAD)].	329	111	31	10	14	0	0	0	1042	229	45	0	1077	231	45	0
PAR10	Station expérimentale de Paracou - Parcelle 10 (traitement 2)	40	-52.92	5.26	286704.00	581738.00	full	20x250	0.50	50	1996-1997	Jean-François Molino & Daniel Sabatier	2002	Jean-François Molino	Terra firme. Forest slightly disturbed by logging. Inventory threshold set at 2 cm dbh for the first inventory (date1), and limited to trees with dbh between 2 and 10 cm for the second inventory (date2). In this plot, trees were only positioned in 5 m x 5 m sub-plots. The (X,Y) coordinates of a tree are therefore those of the center of the sub-plot to which it belongs. These coordinates can be converted to those of the corresponding Paracou CIRAD plot using the following transformations: [X(GUYADIV) = X(CIRAD) - 225] and [Y(GUYADIV) = Y(CIRAD)]. 	278	96	36	9	68	0	0	0	1725	272	55	2	1529	266	52	2
PAR11	Station expérimentale de Paracou - Parcelle 11 (témoin)	40	-52.92	5.25	286136.00	581297.00	full	20x250	0.50	50	1994-1996	Jean-François Molino & Daniel Sabatier	2002	Jean-François Molino & Daniel Sabatier	Terra firme. Inventory threshold set at 2 cm dbh for the first inventory (date1), and limited to trees with dbh between 2 and 10 cm for the second inventory (date2). Plot PAR11 is located within plot 11 of Paracou research station (managed by the CIRAD), and the (X,Y) coordinates of a tree can be converted to those of the corresponding Paracou CIRAD plot 11 using the following transformations: [X(GUYADIV) =  X(CIRAD) - 5] and [Y(GUYADIV) = Y(CIRAD)].	329	100	36	5	19	0	0	0	934	212	43	0	961	214	44	1
PAR16	Station expérimentale de Paracou - Parcelle 16	30	-52.93	5.25	285530.00	581625.00	full	20x20	0.04	4	2006	Daniel Sabatier, with Jean-Louis Smock & Michel Tarcy			Terra firme. Inventory threshold set at 2 cm dbh.	17	12	10	0	0	0	0	0	80	48	25	1	0	0	0	0
PAR2	Station expérimentale de Paracou - Parcelle 2 (traitement 1)	40	-52.93	5.26	285270.00	582713.00	full	20x250	0.50	50	1996-1997	Jean-François Molino & Daniel Sabatier	2002	Jean-François Molino, with Raphaël Pélissier & Olivier Florès	Terra firme. Forest slightly disturbed by logging. Inventory threshold set at 2 cm dbh for the first inventory (date1), and limited to trees with dbh between 2 and 10 cm for the second inventory (date2). Plot PAR2 is located within plot 2 of Paracou research station (managed by the CIRAD), and the (X,Y) coordinates of a tree can be converted to those of the corresponding Paracou CIRAD plot 2 using the following transformations: [X(GUYADIV) = X(CIRAD) - 225] and [Y(GUYADIV) = Y(CIRAD)].	273	112	35	11	50	0	0	0	1454	277	51	0	1440	287	53	0
PAR3	Station expérimentale de Paracou - Parcelle 3 (traitement 2)	40	-52.93	5.26	285512.00	582559.00	full	20x250	0.50	50	1996	Jean-François Molino & Daniel Sabatier	2002	Jean-François Molino, with Pascal Petronelli & Olivier Florès	Terra firme. Forest slightly disturbed by logging. Inventory threshold set at 2 cm dbh for the first inventory (date1), and limited to trees with dbh between 2 and 10 cm for the second inventory (date2). In this plot, trees were only positioned in 5 m x 5 m sub-plots. The (X,Y) coordinates of a tree are therefore those of the center of the sub-plot to which it belongs. These coordinates can be converted to those of the corresponding Paracou CIRAD plot using the following transformations: [X(GUYADIV) = 25 - Y(CIRAD)] and [Y(GUYADIV) = X(CIRAD)]. 	324	108	36	2	43	0	0	0	1831	287	52	1	1637	289	49	0
PAR4	Station expérimentale de Paracou - Parcelle 4 (traitement 3)	40	-52.93	5.27	285935.00	583073.00	full	20x250	0.50	50	1998	Jean-François Molino & Daniel Sabatier	2002	Jean-François Molino, with Raphaël Pélissier	Terra firme. Forest slightly disturbed by logging. Inventory threshold set at 2 cm dbh for the first inventory (date1), and limited to trees with dbh between 2 and 10 cm for the second inventory (date2). In this plot, trees were only positioned in 5 m x 5 m sub-plots. The (X,Y) coordinates of a tree are therefore those of the center of the sub-plot to which it belongs. These coordinates can be converted to those of the corresponding Paracou CIRAD plot using the following transformations: [X(GUYADIV) = 245 - Y(CIRAD)] and [Y(GUYADIV) = X(CIRAD)]. 	261	91	37	0	44	0	0	0	1783	270	49	0	1773	275	49	0
PAR5	Station expérimentale de Paracou - Parcelle 5 (traitement 2)	40	-52.92	5.27	286357.00	583075.00	full	20x250	0.50	50	1996-1997	Jean-François Molino & Daniel Sabatier	2002	Jean-François Molino & Daniel Sabatier, with Raphaël Pélissier & Olivier Florès	Terra firme. Forest slightly disturbed by logging. Inventory threshold set at 2 cm dbh for the first inventory (date1), and limited to trees with dbh between 2 and 10 cm for the second inventory (date2). In this plot, trees were only positioned in 5 m x 5 m sub-plots. The (X,Y) coordinates of a tree are therefore those of the center of the sub-plot to which it belongs. These coordinates can be converted to those of the corresponding Paracou CIRAD plot using the following transformations: [X(GUYADIV) = X(CIRAD) - 225] and [Y(GUYADIV) = Y(CIRAD)]. 	300	103	32	3	42	0	0	0	1300	237	51	1	1342	249	50	0
PAR6	Station expérimentale de Paracou - Parcelle 6 (témoin)	40	-52.92	5.27	286650.00	583114.00	full	20x250	0.50	50	1995-1996	Jean-François Molino & Daniel Sabatier	2002	Jean-François Molino & Daniel Sabatier	Terra firme. Inventory threshold set at 2 cm dbh for the first inventory (date1), and limited to trees with dbh between 2 and 10 cm for the second inventory (date2). Plot PAR6 is located within plot 6 of Paracou research station (managed by the CIRAD), and the (X,Y) coordinates of a tree can be converted to those of the corresponding Paracou CIRAD plot 6 using the following transformations: [X(GUYADIV) =  245 - X(CIRAD)] and [Y(GUYADIV) = 250 - Y(CIRAD)].	272	111	34	2	20	0	0	0	1058	215	47	0	1065	214	45	0
PAR7	Station expérimentale de Paracou - Parcelle 7 (traitement 1)	40	-52.92	5.26	286222.00	582657.00	full	20x250	0.50	50	1995-1996	Jean-François Molino & Daniel Sabatier	2002	Jean-François Molino, with Raphaël Pélissier & Olivier Florès	Terra firme. Inventory threshold set at 2 cm dbh for the first inventory (date1), and limited to trees with dbh between 2 and 10 cm for the second inventory (date2). Plot PAR7 is located within plot 7 of Paracou research station (managed by the CIRAD), and the (X,Y) coordinates of a tree can be converted to those of the corresponding Paracou CIRAD plot 7 using the following transformations: [X(GUYADIV) =  X(CIRAD) - 225] and [Y(GUYADIV) = Y(CIRAD)].	253	90	35	18	29	0	0	0	1266	230	51	2	1293	239	51	1
PAR9	Station expérimentale de Paracou - Parcelle 9 (traitement 1)	40	-52.92	5.25	286194.00	581622.00	full	20x250	0.50	50	1995-1997	Jean-François Molino & Daniel Sabatier	2002	Jean-François Molino, with Olivier Florès	Terra firme. Inventory threshold set at 2 cm dbh for the first inventory (date1), and limited to trees with dbh between 2 and 10 cm for the second inventory (date2). Plot PAR9 is located within plot 9 of Paracou research station (managed by the CIRAD), and the (X,Y) coordinates of a tree can be converted to those of the corresponding Paracou CIRAD plot 9 using the following transformations: [X(GUYADIV) =  X(CIRAD) - 5] and [Y(GUYADIV) = Y(CIRAD)].	300	100	34	4	52	0	0	0	1623	265	51	1	1527	258	50	0
PAS	Centre Spatial Guyanais - crique Passoura	40	-52.79	5.18	301463.00	573075.00	full	100x100	1.40	140	1992	Daniel Sabatier & Marie-Françoise Prévost, with Georges Elfort			Terra firme	988	213	47	26	0	0	0	0	0	0	0	0	0	0	0	0
PG01	Forêt domaniale de Crique Plomb	215	-52.92	5.02	286851.00	555619.00	PCQ3	90x990	NA	150	2003	Daniel Sabatier & Jean-François Molino, with Raphaël Pélissier & Cécile Madelaine			Terra firme	600	165	46	5	0	0	0	0	0	0	0	0	0	0	0	0
PG02	Forêt domaniale de Crique Plomb	215	-52.92	5.02	286308.00	556019.00	PCQ3	110x410	NA	60	2003	Daniel Sabatier & Jean-François Molino, with Raphaël Pélissier & Cécile Madelaine			Terra firme	240	80	23	0	0	0	0	0	0	0	0	0	0	0	0	0
PG03	Forêt domaniale de Crique Plomb	120	-52.93	5.02	285155.00	556155.00	PCQ3	50x370	NA	53	2003	Daniel Sabatier & Jean-François Molino, with Raphaël Pélissier & Cécile Madelaine			Terra firme	212	82	24	0	0	0	0	0	0	0	0	0	0	0	0	0
PG04	Forêt domaniale de Crique Plomb	120	-52.94	5.02	284834.00	556178.00	PCQ3	50x230	NA	35	2003	Daniel Sabatier & Jean-François Molino, with Raphaël Pélissier & Cécile Madelaine			Terra firme	140	56	19	0	0	0	0	0	0	0	0	0	0	0	0	0
PG05	Forêt domaniale de Crique Plomb	100	-52.95	5.05	283077.00	558517.00	PCQ3	50x170	NA	27	2004	Daniel Sabatier & Jean-François Molino, with Christian de Namur & Jean-Louis Smock			Terra firme	108	60	22	0	0	0	0	0	0	0	0	0	0	0	0	0
PG06	Forêt domaniale de Crique Plomb	100	-52.95	5.05	282878.00	558629.00	PCQ3	50x290	NA	37	2004	Daniel Sabatier & Jean-François Molino, with Christian de Namur & Jean-Louis Smock			Terra firme	148	71	29	1	0	0	0	0	0	0	0	0	0	0	0	0
PG07	Forêt domaniale de Crique Plomb	100	-52.94	5.03	284547.00	556600.00	PCQ3	50x150	NA	22	2004	Jean-François Molino, with Christian de Namur & Jean-Louis Smock			Terra firme	87	37	16	0	0	0	0	0	0	0	0	0	0	0	0	0
PG08	Forêt domaniale de Crique Plomb	100	-52.94	5.03	284414.00	556821.00	PCQ3	50x350	NA	54	2004	Jean-François Molino, with Christian de Namur & Jean-Louis Smock			Terra firme	216	80	26	1	0	0	0	0	0	0	0	0	0	0	0	0
PG09	Forêt domaniale de Crique Plomb	100	-52.95	5.05	283377.00	558649.00	PCQ3	50x450	NA	69	2004	Daniel Sabatier & Jean-François Molino, with Christian de Namur & Jean-Louis Smock			Terra firme	276	104	34	0	0	0	0	0	0	0	0	0	0	0	0	0
PG10	Forêt domaniale de Crique Plomb	120	-52.95	5.04	283676.00	558471.00	PCQ3	50x210	NA	33	2004	Daniel Sabatier & Jean-François Molino, with Christian de Namur & Jean-Louis Smock			Terra firme	132	72	24	0	0	0	0	0	0	0	0	0	0	0	0	0
PG11	Forêt domaniale de Crique Plomb	200	-52.90	5.02	288847.00	555779.00	PCQ3	140x510	NA	78	2004	Daniel Sabatier & Jean-François Molino, with Christian de Namur & Jean-Louis Smock			Terra firme	312	105	42	0	0	0	0	0	0	0	0	0	0	0	0	0
PG13	Forêt domaniale de Crique Plomb	110	-52.93	5.01	285661.00	554528.00	PCQ3	50x270	NA	41	2004	Daniel Sabatier & Jean-François Molino, with Jean-Louis Smock			Terra firme	164	71	24	0	0	0	0	0	0	0	0	0	0	0	0	0
PG14	Forêt domaniale de Crique Plomb	110	-52.93	5.01	285860.00	554471.00	PCQ3	50x110	NA	18	2004	Daniel Sabatier & Jean-François Molino, with Jean-Louis Smock			Terra firme	72	45	19	0	0	0	0	0	0	0	0	0	0	0	0	0
PG15	Forêt domaniale de Crique Plomb	116	-52.95	5.02	283291.00	556006.00	PCQ3	50x330	NA	51	2004	Daniel Sabatier & Jean-François Molino, with Raphaël Pélissier & Jean-Louis Smock			Terra firme	204	79	28	0	0	0	0	0	0	0	0	0	0	0	0	0
PG16	Forêt domaniale de Crique Plomb	116	-52.95	5.02	283070.00	556051.00	PCQ3	50x110	NA	18	2004	Daniel Sabatier & Jean-François Molino, with Raphaël Pélissier & Jean-Louis Smock			Terra firme	72	29	16	0	0	0	0	0	0	0	0	0	0	0	0	0
PG17	Montagne Plomb - Versant Nord-Est	355	-52.94	5.00	283904.00	553206.00	PCQ3	70x2170	NA	327	2004	Daniel Sabatier & Jean-François Molino, with Raphaël Pélissier & Jean-Louis Smock			Terra firme	1308	303	50	4	0	0	0	0	0	0	0	0	0	0	0	0
PG18	Montagne Plomb - Versant Nord-Ouest	355	-52.99	4.99	278354.00	551895.00	PCQ3	50x1730	NA	261	2004	Daniel Sabatier & Jean-François Molino, with Raphaël Pélissier & Jean-Louis Smock			Terra firme	1044	276	49	1	0	0	0	0	0	0	0	0	0	0	0	0
PIA1	Piton de l'Armontabo	150	-52.31	3.73	353595.00	412856.00	full	100x100	1.00	100	2006	Daniel Sabatier, with Olivier Brunaux & Julien Engel			Terra firme	542	177	40	4	0	0	0	0	0	0	0	0	0	0	0	0
PMT1	Petites Montagnes Tortue	150	-52.22	4.31	363840.00	477056.00	full	30x40	0.12	12	2005	Daniel Sabatier, with Alexis Walchli & Olivier Ziberlin			Podzols	70	47	18	3	0	0	0	0	0	0	0	0	0	0	0	0
PMT2	Petites Montagnes Tortue	150	-52.22	4.31	363840.00	477056.00	full	30x40	0.12	12	2005	Daniel Sabatier, with Alexis Walchli & Olivier Ziberlin			Podzols	88	43	21	18	0	0	0	0	0	0	0	0	0	0	0	0
PMT3	Petites Montagnes Tortue	150	-52.22	4.31	363840.00	477056.00	full	40x30	0.12	12	2005	Daniel Sabatier, with Alexis Walchli & Olivier Ziberlin			Podzols	83	58	24	4	0	0	0	0	0	0	0	0	0	0	0	0
PMT4	Petites Montagnes Tortue	150	-52.22	4.31	363840.00	477056.00	full	20x20	0.04	4	2005	Daniel Sabatier, with Alexis Walchli & Olivier Ziberlin			Podzols	53	29	15	4	0	0	0	0	0	0	0	0	0	0	0	0
PMT5	Petites Montagnes Tortue	150	-52.22	4.31	363840.00	477056.00	full	20x20	0.04	4	2005	Daniel Sabatier, with Alexis Walchli & Olivier Ziberlin			Podzols	36	20	12	13	0	0	0	0	0	0	0	0	0	0	0	0
PMT6	Petites Montagnes Tortue	150	-52.22	4.31	363840.00	477056.00	full	40x30	0.12	12	2005	Daniel Sabatier, with Alexis Walchli & Olivier Ziberlin			Podzols	62	42	16	5	0	0	0	0	0	0	0	0	0	0	0	0
PMT7	Petites Montagnes Tortue	150	-52.22	4.31	363840.00	477056.00	full	40x30	0.12	12	2005	Daniel Sabatier, with Alexis Walchli & Olivier Ziberlin			Podzols	92	50	18	11	0	0	0	0	0	0	0	0	0	0	0	0
PSE10B	Station de recherche de la Piste de St Elie - Bloc Biodiversité 100 ha	65	-53.06	5.29	271409.00	585987.00	full	100x100	1.00	100	1988	Daniel Sabatier & Marie-Françoise Prévost	2003	Marie-Françoise Prévost, Daniel Sabatier & Jean-François Molino, with Cécile Madelaine, Christian de Namur & Georges Elfort	Terra firme	581	199	45	19	545	197	43	1	0	0	0	0	0	0	0	0
PSE1B	Station de recherche de la Piste de St Elie - Bloc Biodiversité 100 ha	45	-53.05	5.29	272305.00	585901.00	full	100x100	1.00	100	1988	Daniel Sabatier & Marie-Françoise Prévost	2003	Marie-Françoise Prévost, Daniel Sabatier & Jean-François Molino, with Cécile Madelaine, Christian de Namur & Georges Elfort	Terra firme	627	180	43	1	599	172	41	0	0	0	0	0	0	0	0	0
PSE2B	Station de recherche de la Piste de St Elie - Bloc Biodiversité 100 ha	45	-53.05	5.29	272205.00	585911.00	full	100x100	1.00	100	1986	Daniel Sabatier, Bernard Riéra & Marie-Françoise Prévost	2003	Marie-Françoise Prévost, Daniel Sabatier & Jean-François Molino, with Cécile Madelaine, Christian de Namur & Georges Elfort	Terra firme	594	177	42	2	579	167	39	1	0	0	0	0	0	0	0	0
PSE2C	Station de recherche de la Piste de St Elie - Bloc Biodiversité 100 ha	40	-53.05	5.29	272215.00	586010.00	full	100x100	1.00	100	1987	Daniel Sabatier, Bernard Riéra & Marie-Françoise Prévost			Terra firme	650	177	41	1	0	0	0	0	0	0	0	0	0	0	0	0
PSE3B	Station de recherche de la Piste de St Elie - Bloc Biodiversité 100 ha	50	-53.05	5.29	272106.00	585920.00	full	100x100	1.00	100	1988	Daniel Sabatier & Marie-Françoise Prévost	2003	Marie-Françoise Prévost, Daniel Sabatier & Jean-François Molino, with Cécile Madelaine, Christian de Namur & Georges Elfort	Terra firme	565	167	44	3	644	180	44	4	0	0	0	0	0	0	0	0
PSE3C	Station de recherche de la Piste de St Elie - Bloc Biodiversité 100 ha	45	-53.05	5.29	272115.00	586020.00	full	100x100	1.00	100	1988	Daniel Sabatier, Bernard Riéra & Marie-Françoise Prévost			Terra firme	624	157	41	0	0	0	0	0	0	0	0	0	0	0	0	0
PSE4B	Station de recherche de la Piste de St Elie - Bloc Biodiversité 100 ha	50	-53.05	5.29	272006.00	585930.00	full	100x100	1.00	100	1988	Daniel Sabatier & Marie-Françoise Prévost	2003	Marie-Françoise Prévost, Daniel Sabatier & Jean-François Molino, with Cécile Madelaine, Christian de Namur & Georges Elfort	Terra firme	641	159	40	1	627	160	38	1	0	0	0	0	0	0	0	0
PSE5B	Station de recherche de la Piste de St Elie - Bloc Biodiversité 100 ha	45	-53.05	5.29	271906.00	585939.00	full	100x100	1.00	100	1988	Daniel Sabatier & Marie-Françoise Prévost	2003	Marie-Françoise Prévost, Daniel Sabatier & Jean-François Molino, with Cécile Madelaine, Christian de Namur & Georges Elfort	Terra firme	583	138	36	1	585	140	37	1	0	0	0	0	0	0	0	0
PSE5B-10B	Station de recherche de la Piste de St Elie - Bloc Biodiversité 100 ha	50	-53.06	5.29	271697.00	585873.00	full	20x500	1.00	100	1994	Jean-François Molino	2002	Jean-François Molino, Marie-Françoise Prévost & Daniel Sabatier	"Terra firme. Plot PSE5B-10B is located within the B strip of the Piste de Saint-Élie ""Biodiversity Block"" and its reference system corresponds to that of the block.                                                                                                                                                                                                                                                        Inventory limited to trees with dbh between 2 and 10 cm dbh on the following 100 subplots:
- in plot PSE5B: subplots 36 to 40 and 46 to 50;
- in each of the plots PSE6B, PSE7B, PSE8B, PSSE9B: subplots 31 to 40 and 41 to 50;
- in plot PSE10B: subplots 31 to 35 and 41 to 45.                                                                                                                                                                                                                      "	622	182	48	14	583	178	48	3	2289	332	55	4	2536	346	57	3
PSE6B	Station de recherche de la Piste de St Elie - Bloc Biodiversité 100 ha	45	-53.05	5.29	271807.00	585949.00	full	100x100	1.00	100	1988	Daniel Sabatier & Marie-Françoise Prévost	2003	Marie-Françoise Prévost, Daniel Sabatier & Jean-François Molino, with Cécile Madelaine, Christian de Namur & Georges Elfort	Terra firme	605	168	45	14	586	166	43	0	0	0	0	0	0	0	0	0
PSE6F	Station de recherche de la Piste de St Elie - Bloc Biodiversité 100 ha	60	-53.05	5.30	271856.00	586346.00	full	100x100	1.00	100	1991	Daniel Sabatier & Marie-Françoise Prévost			Terra firme	706	174	38	0	0	0	0	0	0	0	0	0	0	0	0	0
PSE6G	Station de recherche de la Piste de St Elie - Bloc Biodiversité 100 ha	60	-53.05	5.30	271866.00	586445.00	full	100x100	1.00	100	1991	Daniel Sabatier & Marie-Françoise Prévost			Terra firme	667	185	46	1	0	0	0	0	0	0	0	0	0	0	0	0
PSE6H	Station de recherche de la Piste de St Elie - Bloc Biodiversité 100 ha	60	-53.05	5.30	271875.00	586545.00	full	100x100	1.00	100	1991	Daniel Sabatier & Marie-Françoise Prévost			Terra firme	634	182	44	2	0	0	0	0	0	0	0	0	0	0	0	0
PSE6I	Station de recherche de la Piste de St Elie - Bloc Biodiversité 100 ha	60	-53.05	5.30	271885.00	586644.00	full	100x100	1.00	100	1991	Daniel Sabatier & Marie-Françoise Prévost			Terra firme	629	168	44	1	0	0	0	0	0	0	0	0	0	0	0	0
PSE6J	Station de recherche de la Piste de St Elie - Bloc Biodiversité 100 ha	60	-53.05	5.30	271894.00	586744.00	full	100x100	1.00	100	1991	Daniel Sabatier & Marie-Françoise Prévost			Terra firme	604	180	41	2	0	0	0	0	0	0	0	0	0	0	0	0
PSE7B	Station de recherche de la Piste de St Elie - Bloc Biodiversité 100 ha	50	-53.05	5.29	271707.00	585958.00	full	100x100	1.00	100	1988	Daniel Sabatier & Marie-Françoise Prévost	2003	Marie-Françoise Prévost, Daniel Sabatier & Jean-François Molino, with Cécile Madelaine, Christian de Namur & Georges Elfort	Terra firme	666	172	45	16	654	174	46	6	0	0	0	0	0	0	0	0
PSE8B	Station de recherche de la Piste de St Elie - Bloc Biodiversité 100 ha	50	-53.06	5.29	271608.00	585968.00	full	100x100	1.00	100	1988	Daniel Sabatier & Marie-Françoise Prévost	2003	Marie-Françoise Prévost, Daniel Sabatier & Jean-François Molino, with Cécile Madelaine, Christian de Namur & Georges Elfort	Terra firme	664	175	45	25	617	173	44	3	0	0	0	0	0	0	0	0
PSE9B	Station de recherche de la Piste de St Elie - Bloc Biodiversité 100 ha	55	-53.06	5.29	271508.00	585977.00	full	100x100	1.00	100	1988	Daniel Sabatier & Marie-Françoise Prévost	2003	Marie-Françoise Prévost, Daniel Sabatier & Jean-François Molino, with Cécile Madelaine, Christian de Namur & Georges Elfort	Terra firme	614	176	42	15	565	165	41	1	0	0	0	0	0	0	0	0
PSEIV	Station de recherche de la Piste de St Elie - Layon de crête	70	-53.05	5.29	271779.00	585388.00	full	20x500	1.00	100	1986	Daniel Sabatier			Terra firme	697	211	48	8	0	0	0	0	0	0	0	0	0	0	0	0
PSEP	Station de recherche de la Piste de St Elie - Bassin B	65	-53.05	5.29	272107.00	585334.00	full	100x100	1.00	100	1991	Daniel Sabatier & Marie-Françoise Prévost	2003	Marie-Françoise Prévost, Daniel Sabatier & Jean-François Molino, with Cécile Madelaine, Christian de Namur & Georges Elfort	Terra firme	643	179	43	0	616	174	40	0	0	0	0	0	0	0	0	0
PSEPM	Station de recherche de la Piste de St Elie - Crique Toussaint	35	-53.05	5.29	272803.00	585095.00	PCQ	4000	NA	200	1999-2000	Daniel Sabatier & Marie-Françoise Prévost			Terra firme. Geographic coordinates are those of the starting point	800	226	52	20	0	0	0	0	0	0	0	0	0	0	0	0
PSER	Station de recherche de la Piste de St Elie - Bassin B	60	-53.05	5.29	272260.00	585281.00	full	100x100	1.00	100	1991	Daniel Sabatier & Marie-Françoise Prévost	2003	Marie-Françoise Prévost, Daniel Sabatier & Jean-François Molino, with Cécile Madelaine, Christian de Namur & Georges Elfort	Terra firme	591	161	48	2	580	153	45	1	0	0	0	0	0	0	0	0
PSES	Station de recherche de la Piste de St Elie - Layon de crête	70	-53.06	5.29	271452.00	585653.00	full	40x30	0.12	12	1996	Marie-Françoise Prévost, Daniel Sabatier & Jean-François Molino			Terra firme. Monodominance of Spirotropis longifolia. Inventory treshold set at 2 cm dbh.	35	20	14	1	0	0	0	0	99	37	20	0	0	0	0	0
PSEY	Station de recherche de la Piste de St Elie - Zone à Spirotropis	60	-53.05	5.27	272788.00	583934.00	full	100x100	1.00	100	2012	Daniel Sabatier, with Jean-Louis Smock & Michel Tarcy			Non-dominated forest close to a patch of Spirotropis longifolia	532	189	44	10	0	0	0	0	0	0	0	0	0	0	0	0
PSEZ	Station de recherche de la Piste de St Elie - Zone à Spirotropis	65	-53.05	5.27	272634.00	583829.00	full	100x100	1.00	100	2009	Daniel Sabatier & Émile Fonty, with Jean-Louis Smock & Michel Tarcy			Non-dominated forest close to a patch of Spirotropis longifolia	501	178	43	9	0	0	0	0	0	0	0	0	0	0	0	0
SLD	Saül - Plateau La Douane	235	-53.18	3.62	257650.00	400690.00	full	100x100	1.00	100	2001	Daniel Sabatier & Jean-François Molino			Terra firme	522	172	37	0	0	0	0	0	0	0	0	0	0	0	0	0
SPA	Station de recherche de la Piste de St Elie - Zone à Spirotropis	55	-53.05	5.27	272783.00	583377.00	full	20x20	0.04	4	2001	Marie-Françoise Prévost & Daniel Sabatier			On the margin of a patch of Spirotropis longifolia. Inventory treshold set at 1 cm dbh.	27	18	11	0	0	0	0	0	215	85	25	0	0	0	0	0
SPB	Station de recherche de la Piste de St Elie - Zone à Spirotropis	55	-53.05	5.27	272783.00	583377.00	full	20x20	0.04	4	2001	Marie-Françoise Prévost & Daniel Sabatier			On the margin of a patch of Spirotropis longifolia. Inventory treshold set at 1 cm dbh.	23	10	6	0	0	0	0	0	248	80	27	0	0	0	0	0
SPC	Station de recherche de la Piste de St Elie - Zone à Spirotropis	55	-53.05	5.27	272783.00	583377.00	full	20x20	0.04	4	2001	Marie-Françoise Prévost & Jean-François Molino			Terra firme. Monodominance of Spirotropis longifolia. Inventory treshold set at 1 cm dbh.	22	3	2	0	0	0	0	0	112	33	16	1	0	0	0	0
SPD	Station de recherche de la Piste de St Elie - Zone à Spirotropis	55	-53.05	5.27	272783.00	583377.00	full	20x20	0.04	4	2001	Marie-Françoise Prévost & Jean-François Molino			Terra firme. Monodominance of Spirotropis longifolia. Inventory treshold set at 1 cm dbh.	24	12	7	1	0	0	0	0	106	32	14	1	0	0	0	0
SPM	Station de recherche de la Piste de St Elie - Zone à Spirotropis	55	-53.05	5.27	272783.00	583377.00	full	100x100	1.00	100	2001	Marie-Françoise Prévost, Daniel Sabatier & Jean-François Molino			Terra firme. Monodominance of Spirotropis longifolia	614	101	32	4	0	0	0	0	0	0	0	0	0	0	0	0
SPN	Montagne des Chevaux - Zone à Spirotropis	50	-52.39	4.71	345187.00	521138.00	full	130x100	1.25	125	2009	Daniel Sabatier & Émile Fonty, with Jean-Louis Smock & Michel Tarcy			Terra firme. Monodominance of Spirotropis longifolia	681	102	34	7	0	0	0	0	0	0	0	0	0	0	0	0
SPO	Station de recherche de la Piste de St Elie - Zone à Spirotropis	55	-53.05	5.27	272718.00	583419.00	full	50x100	0.50	50	2009	Daniel Sabatier & Émile Fonty, with Jean-Louis Smock & Michel Tarcy			Terra firme. Monodominance of Spirotropis longifolia	222	38	20	0	0	0	0	0	0	0	0	0	0	0	0	0
SPP	Montagne des Chevaux - Zone à Spirotropis	50	-52.39	4.71	345089.00	521154.00	full	120x140	1.38	138	2009	Daniel Sabatier & Émile Fonty, with Jean-Louis Smock & Michel Tarcy			Terra firme. Monodominance of Spirotropis longifolia	783	121	35	6	0	0	0	0	0	0	0	0	0	0	0	0
SRV1	Savane-roche Virginie	85	-52.13	4.18	373734.00	462818.00	full	100x100	1.00	100	2006-2007	Daniel Sabatier & Marie-Françoise Prévost			Terra firme	485	161	37	9	0	0	0	0	0	0	0	0	0	0	0	0
SRV2	Savane-roche Virginie	85	-52.13	4.18	373508.00	462508.00	full	100x100	1.00	100	2008	Daniel Sabatier & Sophie Gonzalez			Terra firme	513	172	35	3	0	0	0	0	0	0	0	0	0	0	0	0
SRV3	Savane-roche Virginie	110	-52.15	4.19	372174.00	463483.00	full	100x100	1.00	100	2007-2008	Daniel Sabatier, Sophie Gonzalez & Jean-François Molino			Terra firme	675	211	42	6	0	0	0	0	0	0	0	0	0	0	0	0
TORT1	Montagne Tortue - Dispositif ONF - Parcelle exploitée 10F	190	-52.41	4.22	343132.00	466772.00	full	100x120	1.20	120	2002	Marie-Françoise Prévost, Daniel Sabatier & Jean-François Molino			Terra firme	503	171	39	10	0	0	0	0	0	0	0	0	0	0	0	0
TORT2	Montagne Tortue - Dispositif ONF - Parcelle témoin	165	-52.41	4.21	343351.00	466337.00	full	100x100	1.00	100	2002	Marie-Françoise Prévost, Daniel Sabatier & Jean-François Molino			Terra firme	479	198	44	3	0	0	0	0	0	0	0	0	0	0	0	0
TORT3	Crique Tortue - Site archéologique Eperon Barré	150	-52.43	4.19	340300.00	463407.00	full	90x90	1.00	100	2009	Daniel Sabatier & Jean-François Molino, with Jean-Louis Smock & Michel Tarcy			Terra firme. Close to a pre-Columbian earthwork site; plot adjacent to TORT4	540	200	42	3	0	0	0	0	0	0	0	0	0	0	0	0
TORT4	Crique Tortue - Site archéologique Eperon Barré	150	-52.43	4.19	340316.00	463497.00	full	200x100	0.80	80	2009	Daniel Sabatier & Jean-François Molino, with Jean-Louis Smock & Michel Tarcy			On a pre-Columbian earthwork site; plot adjacent to TORT3	411	162	39	3	0	0	0	0	0	0	0	0	0	0	0	0
TRE1	Montagne de Kaw - Réserve Trésor	250	-52.28	4.60	357965.00	509465.00	full	110x100	1.00	100	2003	Daniel Sabatier, Marie-Françoise Prévost, Jean-François Molino, Hans ter Steege, Olaf Bánki & Raphaël Pélissier			Terra firme	443	159	41	1	0	0	0	0	0	0	0	0	0	0	0	0
TRIE1	Montagne de la Trinité - Versant Est	300	-53.39	4.62	234835.00	511106.00	PCQ2	100x200	NA	14	2015	Daniel Sabatier & Vincent Bézard, with Chantal Geniez & Raphaël Fernandez-Abad			Terra firme	110	61	26	4	0	0	0	0	0	0	0	0	0	0	0	0
TRIE2	Montagne de la Trinité - Versant Est	300	-53.39	4.62	234835.00	511106.00	PCQ2	100x200	NA	14	2015	Daniel Sabatier & Vincent Bézard, with Chantal Geniez & Raphaël Fernandez-Abad			Terra firme	112	51	20	0	0	0	0	0	0	0	0	0	0	0	0	0
TRIE3	Montagne de la Trinité - Versant Est	300	-53.39	4.62	234835.00	511106.00	PCQ2	100x200	NA	14	2015	Daniel Sabatier & Vincent Bézard, with Chantal Geniez & Raphaël Fernandez-Abad			Terra firme	112	52	17	1	0	0	0	0	0	0	0	0	0	0	0	0
TRIE4	Montagne de la Trinité - Versant Est	300	-53.39	4.62	234835.00	511106.00	PCQ2	100x200	NA	14	2015	Daniel Sabatier & Vincent Bézard, with Chantal Geniez & Raphaël Fernandez-Abad			Terra firme	112	69	31	1	0	0	0	0	0	0	0	0	0	0	0	0
TRIE5	Montagne de la Trinité - Versant Est	300	-53.39	4.62	234835.00	511106.00	PCQ2	100x200	NA	14	2015	Daniel Sabatier & Vincent Bézard, with Chantal Geniez & Raphaël Fernandez-Abad			Terra firme. Monodominance of Spirotropis longifolia	110	22	12	0	0	0	0	0	0	0	0	0	0	0	0	0
TRIE6	Montagne de la Trinité - Versant Est	300	-53.39	4.62	234835.00	511106.00	PCQ2	100x200	NA	14	2015	Daniel Sabatier & Vincent Bézard, with Chantal Geniez & Raphaël Fernandez-Abad			Terra firme	109	60	22	1	0	0	0	0	0	0	0	0	0	0	0	0
TRIE7	Montagne de la Trinité - Versant Est	300	-53.39	4.62	234835.00	511106.00	PCQ2	100x200	NA	14	2015	Daniel Sabatier & Vincent Bézard, with Chantal Geniez & Raphaël Fernandez-Abad			Terra firme	111	54	21	6	0	0	0	0	0	0	0	0	0	0	0	0
TRIE8	Montagne de la Trinité - Versant Est	300	-53.39	4.62	234835.00	511106.00	PCQ2	100x200	NA	14	2015	Daniel Sabatier & Vincent Bézard, with Chantal Geniez & Raphaël Fernandez-Abad			Terra firme	112	71	27	3	0	0	0	0	0	0	0	0	0	0	0	0
TRIW1	Montagne de la Trinité - Versant Ouest	300	-53.39	4.62	234835.00	511106.00	PCQ2	100x200	NA	14	2015	Daniel Sabatier & Vincent Bézard, with Chantal Geniez & Raphaël Fernandez-Abad			Terra firme	112	45	22	4	0	0	0	0	0	0	0	0	0	0	0	0
TRIW2	Montagne de la Trinité - Versant Ouest	300	-53.39	4.62	234835.00	511106.00	PCQ2	100x200	NA	14	2015	Daniel Sabatier & Vincent Bézard, with Chantal Geniez & Raphaël Fernandez-Abad			Terra firme	112	51	24	3	0	0	0	0	0	0	0	0	0	0	0	0
TRIW3	Montagne de la Trinité - Versant Ouest	300	-53.39	4.62	234835.00	511106.00	PCQ2	100x200	NA	14	2015	Daniel Sabatier & Vincent Bézard, with Chantal Geniez & Raphaël Fernandez-Abad			Terra firme	111	60	26	7	0	0	0	0	0	0	0	0	0	0	0	0
TRIW4	Montagne de la Trinité - Versant Ouest	300	-53.39	4.62	234835.00	511106.00	PCQ2	100x200	NA	14	2015	Daniel Sabatier & Vincent Bézard, with Chantal Geniez & Raphaël Fernandez-Abad			Terra firme	110	60	27	19	0	0	0	0	0	0	0	0	0	0	0	0
TRIW5	Montagne de la Trinité - Versant Ouest	300	-53.39	4.62	234835.00	511106.00	PCQ2	100x200	NA	14	2015	Daniel Sabatier & Vincent Bézard, with Chantal Geniez & Raphaël Fernandez-Abad			Terra firme	112	72	25	2	0	0	0	0	0	0	0	0	0	0	0	0
TRIW6	Montagne de la Trinité - Versant Ouest	300	-53.39	4.62	234835.00	511106.00	PCQ2	100x200	NA	14	2015	Daniel Sabatier & Vincent Bézard, with Chantal Geniez & Raphaël Fernandez-Abad			Terra firme	111	61	23	2	0	0	0	0	0	0	0	0	0	0	0	0
TRIW7	Montagne de la Trinité - Versant Ouest	300	-53.39	4.62	234835.00	511106.00	PCQ2	100x200	NA	14	2015	Daniel Sabatier & Vincent Bézard, with Chantal Geniez & Raphaël Fernandez-Abad			Terra firme	104	66	27	0	0	0	0	0	0	0	0	0	0	0	0	0
TRIW8	Montagne de la Trinité - Versant Ouest	300	-53.39	4.62	234835.00	511106.00	PCQ2	100x200	NA	14	2015	Daniel Sabatier & Vincent Bézard, with Chantal Geniez & Raphaël Fernandez-Abad			Terra firme	108	55	26	1	0	0	0	0	0	0	0	0	0	0	0	0
TRS	Trois Sauts	160	-52.88	2.25	290818.00	249268.00	full	20x400	0.80	80	1989	Marie-Françoise Prévost & Daniel Sabatier			Terra firme	419	78	32	98	0	0	0	0	0	0	0	0	0	0	0	0
VF01	Forêt de Counami	40	-53.23	5.35	252869.00	591802.00	full	40x30	0.12	12	2000	Daniel Sabatier, with Vincent Freycon			Terra firme	68	36	14	4	0	0	0	0	0	0	0	0	0	0	0	0
VF02	Forêt de Counami	40	-53.23	5.35	252869.00	591802.00	full	60x20	0.12	12	2000	Daniel Sabatier, with Vincent Freycon			Terra firme	70	32	16	3	0	0	0	0	0	0	0	0	0	0	0	0
VF04	Forêt de Counami	40	-53.23	5.35	252869.00	591802.00	full	60x20	0.12	12	2000	Daniel Sabatier, with Vincent Freycon			Terra firme	77	48	21	6	0	0	0	0	0	0	0	0	0	0	0	0
VF05	Forêt de Counami	40	-53.23	5.35	252869.00	591802.00	full	40x30	0.12	12	2001	Daniel Sabatier & Marie-Françoise Prévost, with Dominique Paget & Vincent Freycon			Terra firme	109	52	22	3	0	0	0	0	0	0	0	0	0	0	0	0
VF06	Forêt de Counami	40	-53.23	5.35	252869.00	591802.00	full	40x30	0.12	12	2001	Daniel Sabatier & Marie-Françoise Prévost, with Dominique Paget & Vincent Freycon			Terra firme	84	47	21	1	0	0	0	0	0	0	0	0	0	0	0	0
VF07	Forêt de Counami	40	-53.23	5.35	252869.00	591802.00	full	40x30	0.12	12	2001	Daniel Sabatier & Marie-Françoise Prévost, with Dominique Paget & Vincent Freycon			Terra firme	94	52	22	2	0	0	0	0	0	0	0	0	0	0	0	0
VF08	Forêt de Counami	40	-53.23	5.35	252869.00	591802.00	full	40x30	0.12	12	2001	Daniel Sabatier & Marie-Françoise Prévost, with Dominique Paget & Vincent Freycon			Terra firme	82	51	21	5	0	0	0	0	0	0	0	0	0	0	0	0
VF09	Forêt de Counami	40	-53.23	5.35	252869.00	591802.00	full	40x30	0.12	12	2001	Daniel Sabatier & Marie-Françoise Prévost, with Vincent Freycon			Terra firme	71	38	21	2	0	0	0	0	0	0	0	0	0	0	0	0
VF10	Forêt de Counami	40	-53.23	5.35	252869.00	591802.00	full	40x30	0.12	12	2001	Daniel Sabatier & Marie-Françoise Prévost, with Vincent Freycon			Terra firme	84	49	21	0	0	0	0	0	0	0	0	0	0	0	0	0
VF11	Forêt de Counami	40	-53.23	5.35	252869.00	591802.00	full	40x30	0.12	12	2001	Daniel Sabatier & Marie-Françoise Prévost, with Vincent Freycon			Terra firme	85	48	21	0	0	0	0	0	0	0	0	0	0	0	0	0
VF12	Forêt de Counami	40	-53.23	5.35	252869.00	591802.00	full	40x30	0.12	12	2001	Daniel Sabatier & Marie-Françoise Prévost, with Vincent Freycon			Terra firme	74	41	23	2	0	0	0	0	0	0	0	0	0	0	0	0
VF13	Forêt de Counami	40	-53.23	5.35	252869.00	591802.00	full	30x60	0.12	12	2002	Daniel Sabatier, with Vincent Freycon			Terra firme	91	49	21	4	0	0	0	0	0	0	0	0	0	0	0	0
VF14	Forêt de Counami	40	-53.23	5.35	252869.00	591802.00	full	40x40	0.12	12	2002	Daniel Sabatier, with Vincent Freycon			Terra firme	119	59	26	2	0	0	0	0	0	0	0	0	0	0	0	0
VF16	Forêt de Counami	40	-53.23	5.35	252869.00	591802.00	full	40x30	0.12	12	2002	Daniel Sabatier, with Vincent Freycon			Terra firme	125	50	21	0	0	0	0	0	0	0	0	0	0	0	0	0
VF17	Forêt de Counami	40	-53.23	5.35	252869.00	591802.00	full	40x30	0.12	12	2002	Daniel Sabatier, with Vincent Freycon			Terra firme	113	58	25	3	0	0	0	0	0	0	0	0	0	0	0	0
VF18	Forêt de Counami	40	-53.23	5.35	252869.00	591802.00	full	40x30	0.12	12	2002	Daniel Sabatier, with Vincent Freycon			Terra firme	105	54	23	6	0	0	0	0	0	0	0	0	0	0	0	0
VF19A	Forêt de Counami	40	-53.23	5.35	252869.00	591802.00	full	30x40	0.12	12	2002	Daniel Sabatier, with Vincent Freycon			Terra firme	110	55	21	0	0	0	0	0	0	0	0	0	0	0	0	0
VF20	Forêt de Counami	40	-53.23	5.35	252869.00	591802.00	full	30x50	0.12	12	2002	Daniel Sabatier, with Vincent Freycon			Terra firme	78	37	16	0	0	0	0	0	0	0	0	0	0	0	0	0
VF21	Forêt de Counami	40	-53.23	5.35	252869.00	591802.00	full	50x30	0.12	12	2002	Daniel Sabatier, with Vincent Freycon			Terra firme	104	53	22	0	0	0	0	0	0	0	0	0	0	0	0	0
WAK1	Haute Waki	160	-53.40	3.08	233133.00	340752.00	full	100x100	1.00	100	2014	Daniel Sabatier, with Jean-Louis Smock & Chantal Geniez			Terra firme	465	92	33	20	0	0	0	0	0	0	0	0	0	0	0	0
WAK3	Haute Waki	160	-53.40	3.08	233133.00	340752.00	full	50x100	0.50	50	2014	Daniel Sabatier, with Jean-Louis Smock & Chantal Geniez			Terra firme	256	49	26	28	0	0	0	0	0	0	0	0	0	0	0	0
WAK4	Haute Waki	160	-53.40	3.08	233133.00	340752.00	full	50x100	0.50	50	2014	Daniel Sabatier, with Jean-Louis Smock & Chantal Geniez			Terra firme	262	71	30	20	0	0	0	0	0	0	0	0	0	0	0	0
WAN1	Inselbergs de la Haute Wanapi	200	-53.81	2.51	186605.00	277921.00	full	100x100	1.00	100	2007	Daniel Sabatier & Jean-François Molino, with Jean-Louis Smock, Michel Tarcy & Julien Engel			Terra firme	406	105	35	0	0	0	0	0	0	0	0	0	0	0	0	0
WAN2	Inselbergs de la Haute Wanapi	200	-53.82	2.51	185737.00	278039.00	full	100x100	1.00	100	2007	Daniel Sabatier & Jean-François Molino, with Jean-Louis Smock, Michel Tarcy & Julien Engel			Terra firme	461	124	34	1	0	0	0	0	0	0	0	0	0	0	0	0
WAN3	Inselbergs de la Haute Wanapi	200	-53.82	2.51	185750.00	278633.00	full	100x100	1.00	100	2007	Daniel Sabatier & Jean-François Molino, with Jean-Louis Smock, Michel Tarcy & Julien Engel			Terra firme	421	95	29	0	0	0	0	0	0	0	0	0	0	0	0	0
